Date, GM price
2010-11-18, 34.1900
2010-11-19, 34.2600
2010-11-22, 34.0800
2010-11-23, 33.2500
2010-11-24, 33.4800
2010-11-26, 33.8000
2010-11-29, 33.8000
2010-11-30, 34.2000
2010-12-01, 34.7800
2010-12-02, 34.6800
2010-12-03, 34.5500
2010-12-06, 34.4800
2010-12-07, 34.6800
2010-12-08, 34.4500
2010-12-09, 33.7400
2010-12-10, 33.8100
2010-12-13, 33.8000
2010-12-14, 33.8900
2010-12-15, 33.6100
2010-12-16, 33.6100
2010-12-17, 34.0000
2010-12-20, 33.7600
2010-12-21, 33.8500
2010-12-22, 34.9200
2010-12-23, 34.8100
2010-12-27, 34.6000
2010-12-28, 35.3200
2010-12-29, 36.0200
2010-12-30, 36.8200
2010-12-31, 36.8600
2011-01-03, 37.0600
2011-01-04, 37.9000
2011-01-05, 38.0700
2011-01-06, 38.9000
2011-01-07, 38.9800
2011-01-10, 38.5600
2011-01-11, 38.7500
2011-01-12, 38.6200
2011-01-13, 38.2700
2011-01-14, 38.2000
2011-01-18, 38.0300
2011-01-19, 37.4000
2011-01-20, 37.1800
2011-01-21, 37.2400
2011-01-24, 37.6400
2011-01-25, 38.4000
2011-01-26, 37.8900
2011-01-27, 38.6700
2011-01-28, 36.6000
2011-01-31, 36.4900
2011-02-01, 36.4500
2011-02-02, 35.6800
2011-02-03, 36.0600
2011-02-04, 36.5900
2011-02-07, 36.7000
2011-02-08, 36.8900
2011-02-09, 36.4100
2011-02-10, 35.8800
2011-02-11, 36.4500
2011-02-14, 36.2900
2011-02-15, 36.1100
2011-02-16, 36.7500
2011-02-17, 36.3700
2011-02-18, 36.5100
2011-02-22, 35.7700
2011-02-23, 34.5900
2011-02-24, 33.0200
2011-02-25, 33.2500
2011-02-28, 33.5300
2011-03-01, 32.9500
2011-03-02, 32.8800
2011-03-03, 33.0300
2011-03-04, 32.3900
2011-03-07, 31.7000
2011-03-08, 32.7200
2011-03-09, 32.2500
2011-03-10, 31.4200
2011-03-11, 31.9300
2011-03-14, 31.5900
2011-03-15, 32.3500
2011-03-16, 31.7800
2011-03-17, 31.4400
2011-03-18, 31.8500
2011-03-21, 31.2800
2011-03-22, 30.7400
2011-03-23, 31.1600
2011-03-24, 31.3900
2011-03-25, 31.4700
2011-03-28, 30.8500
2011-03-29, 31.1000
2011-03-30, 31.5500
2011-03-31, 31.0300
2011-04-01, 32.4100
2011-04-04, 32.3900
2011-04-05, 32.8700
2011-04-06, 32.8700
2011-04-07, 32.3100
2011-04-08, 31.5200
2011-04-11, 30.7700
2011-04-12, 31.1500
2011-04-13, 30.8600
2011-04-14, 30.5800
2011-04-15, 30.2400
2011-04-18, 29.9700
2011-04-19, 29.5900
2011-04-20, 29.9300
2011-04-21, 30.9500
2011-04-25, 31.1400
2011-04-26, 31.2700
2011-04-27, 31.7800
2011-04-28, 31.9100
2011-04-29, 32.0900
2011-05-02, 32.1800
2011-05-03, 32.9900
2011-05-04, 33.0400
2011-05-05, 32.0200
2011-05-06, 31.9100
2011-05-09, 31.3900
2011-05-10, 31.6100
2011-05-11, 31.3000
2011-05-12, 31.4200
2011-05-13, 31.0700
2011-05-16, 31.1000
2011-05-17, 31.1000
2011-05-18, 31.5200
2011-05-19, 31.4700
2011-05-20, 31.1800
2011-05-23, 30.9600
2011-05-24, 30.8300
2011-05-25, 31.2700
2011-05-26, 30.6800
2011-05-27, 31.2800
2011-05-31, 31.8100
2011-06-01, 30.2300
2011-06-02, 29.6000
2011-06-03, 29.1200
2011-06-06, 28.5600
2011-06-07, 28.7800
2011-06-08, 28.8600
2011-06-09, 29.4500
2011-06-10, 28.8500
2011-06-13, 28.5900
2011-06-14, 29.1100
2011-06-15, 28.9500
2011-06-16, 28.5900
2011-06-17, 29.0000
2011-06-20, 29.5200
2011-06-21, 29.5900
2011-06-22, 29.9700
2011-06-23, 30.1400
2011-06-24, 29.9200
2011-06-27, 30.2600
2011-06-28, 30.5000
2011-06-29, 30.3000
2011-06-30, 30.3600
2011-07-01, 30.5800
2011-07-05, 30.8600
2011-07-06, 31.1900
2011-07-07, 31.8000
2011-07-08, 31.5800
2011-07-11, 30.7500
2011-07-12, 30.6800
2011-07-13, 30.7500
2011-07-14, 30.1000
2011-07-15, 29.7600
2011-07-18, 29.1000
2011-07-19, 29.3300
2011-07-20, 29.2400
2011-07-21, 29.9600
2011-07-22, 30.1000
2011-07-25, 29.5000
2011-07-26, 29.0900
2011-07-27, 28.1400
2011-07-28, 28.1000
2011-07-29, 27.6800
2011-08-01, 28.0700
2011-08-02, 27.0500
2011-08-03, 27.1700
2011-08-04, 25.9900
2011-08-05, 26.3100
2011-08-08, 24.5700
2011-08-09, 25.5400
2011-08-10, 23.9200
2011-08-11, 25.8100
2011-08-12, 25.7500
2011-08-15, 26.4200
2011-08-16, 25.8300
2011-08-17, 24.9400
2011-08-18, 23.6000
2011-08-19, 22.1600
2011-08-22, 21.7100
2011-08-23, 22.0600
2011-08-24, 22.3700
2011-08-25, 22.3000
2011-08-26, 22.8700
2011-08-29, 23.7900
2011-08-30, 23.5800
2011-08-31, 24.0300
2011-09-01, 23.0300
2011-09-02, 22.0700
2011-09-06, 21.4400
2011-09-07, 22.8600
2011-09-08, 22.4800
2011-09-09, 21.7600
2011-09-12, 21.8700
2011-09-13, 22.0000
2011-09-14, 22.1800
2011-09-15, 22.7000
2011-09-16, 22.6100
2011-09-19, 23.0500
2011-09-20, 22.4300
2011-09-21, 21.2800
2011-09-22, 20.2400
2011-09-23, 21.0000
2011-09-26, 21.0800
2011-09-27, 21.1900
2011-09-28, 20.4100
2011-09-29, 20.7600
2011-09-30, 20.1800
2011-10-03, 19.7300
2011-10-04, 21.4200
2011-10-05, 22.2700
2011-10-06, 22.3500
2011-10-07, 22.0100
2011-10-10, 22.6200
2011-10-11, 22.5000
2011-10-12, 23.4100
2011-10-13, 23.1500
2011-10-14, 24.1600
2011-10-17, 23.1800
2011-10-18, 23.5400
2011-10-19, 23.0900
2011-10-20, 22.9600
2011-10-21, 24.3500
2011-10-24, 24.9800
2011-10-25, 24.8600
2011-10-26, 24.9900
2011-10-27, 26.0600
2011-10-28, 26.4500
2011-10-31, 25.8500
2011-11-01, 23.3300
2011-11-02, 23.2000
2011-11-03, 24.0300
2011-11-04, 23.6100
2011-11-07, 24.0100
2011-11-08, 25.0400
2011-11-09, 22.3100
2011-11-10, 22.7000
2011-11-11, 22.5100
2011-11-14, 22.9900
2011-11-15, 23.3500
2011-11-16, 22.6500
2011-11-17, 21.7900
2011-11-18, 21.6800
2011-11-21, 21.0500
2011-11-22, 20.7300
2011-11-23, 20.2400
2011-11-25, 20.3400
2011-11-28, 20.7400
2011-11-29, 20.3100
2011-11-30, 21.2900
2011-12-01, 20.9600
2011-12-02, 21.2800
2011-12-05, 21.5900
2011-12-06, 21.6800
2011-12-07, 21.9400
2011-12-08, 20.9800
2011-12-09, 21.1500
2011-12-12, 20.8000
2011-12-13, 20.1100
2011-12-14, 19.4700
2011-12-15, 20.1000
2011-12-16, 20.1500
2011-12-19, 19.0500
2011-12-20, 19.6900
2011-12-21, 20.3200
2011-12-22, 20.7000
2011-12-23, 20.5000
2011-12-27, 20.0900
2011-12-28, 19.8600
2011-12-29, 20.2100
2011-12-30, 20.2700
2012-01-03, 21.0500
2012-01-04, 21.1500
2012-01-05, 22.1700
2012-01-06, 22.9200
2012-01-09, 22.8400
2012-01-10, 23.2400
2012-01-11, 24.4700
2012-01-12, 24.6700
2012-01-13, 24.2900
2012-01-17, 24.2000
2012-01-18, 24.5100
2012-01-19, 24.8200
2012-01-20, 25.0000
2012-01-23, 24.9200
2012-01-24, 24.7900
2012-01-25, 24.9200
2012-01-26, 24.7200
2012-01-27, 24.3700
2012-01-30, 24.2300
2012-01-31, 24.0200
2012-02-01, 24.3700
2012-02-02, 24.3100
2012-02-03, 26.1800
2012-02-06, 26.7000
2012-02-07, 26.2200
2012-02-08, 25.7500
2012-02-09, 25.7400
2012-02-10, 25.5000
2012-02-13, 25.3400
2012-02-14, 25.4000
2012-02-15, 24.9300
2012-02-16, 27.1700
2012-02-17, 27.3400
2012-02-21, 27.0600
2012-02-22, 26.5500
2012-02-23, 26.7900
2012-02-24, 26.0700
2012-02-27, 26.4600
2012-02-28, 26.1400
2012-02-29, 26.0200
2012-03-01, 26.4700
2012-03-02, 26.4500
2012-03-05, 26.0000
2012-03-06, 24.5800
2012-03-07, 24.8800
2012-03-08, 25.4501
2012-03-09, 25.6200
2012-03-12, 25.3900
2012-03-13, 26.0700
2012-03-14, 26.3200
2012-03-15, 26.0500
2012-03-16, 25.5700
2012-03-19, 25.3900
2012-03-20, 25.0900
2012-03-21, 25.2900
2012-03-22, 25.0500
2012-03-23, 25.1700
2012-03-26, 25.5800
2012-03-27, 25.3500
2012-03-28, 25.1500
2012-03-29, 25.3100
2012-03-30, 25.6500
2012-04-02, 26.7600
2012-04-03, 25.5400
2012-04-04, 25.1000
2012-04-05, 24.8100
2012-04-09, 24.2000
2012-04-10, 23.7100
2012-04-11, 24.0300
2012-04-12, 24.3000
2012-04-13, 23.8000
2012-04-16, 23.4200
2012-04-17, 24.0400
2012-04-18, 24.1500
2012-04-19, 24.0100
2012-04-20, 23.6000
2012-04-23, 22.9500
2012-04-24, 22.8900
2012-04-25, 23.3100
2012-04-26, 23.7200
2012-04-27, 23.5300
2012-04-30, 23.0000
2012-05-01, 23.3100
2012-05-02, 22.9300
2012-05-03, 22.3700
2012-05-04, 22.3600
2012-05-07, 22.4100
2012-05-08, 22.2300
2012-05-09, 22.4400
2012-05-10, 22.3700
2012-05-11, 22.0000
2012-05-14, 21.6300
2012-05-15, 21.4200
2012-05-16, 21.9100
2012-05-17, 21.6100
2012-05-18, 21.1800
2012-05-21, 21.5400
2012-05-22, 21.5000
2012-05-23, 22.1300
2012-05-24, 22.0400
2012-05-25, 22.4400
2012-05-29, 22.8500
2012-05-30, 22.3700
2012-05-31, 22.2000
2012-06-01, 22.0100
2012-06-04, 21.1100
2012-06-05, 21.2500
2012-06-06, 21.8300
2012-06-07, 21.8500
2012-06-08, 22.0500
2012-06-11, 21.9200
2012-06-12, 22.1700
2012-06-13, 21.8700
2012-06-14, 21.8000
2012-06-15, 21.7400
2012-06-18, 21.4300
2012-06-19, 21.7400
2012-06-20, 21.4800
2012-06-21, 20.6400
2012-06-22, 20.6000
2012-06-25, 19.9100
2012-06-26, 19.8500
2012-06-27, 19.6600
2012-06-28, 19.8200
2012-06-29, 19.7200
2012-07-02, 19.5700
2012-07-03, 20.6700
2012-07-05, 20.5400
2012-07-06, 20.3100
2012-07-09, 20.2200
2012-07-10, 19.8000
2012-07-11, 19.9000
2012-07-12, 19.3300
2012-07-13, 19.6200
2012-07-16, 19.3800
2012-07-17, 19.6000
2012-07-18, 20.0700
2012-07-19, 20.1400
2012-07-20, 19.3600
2012-07-23, 19.3000
2012-07-24, 19.0200
2012-07-25, 18.8000
2012-07-26, 19.1100
2012-07-27, 19.6700
2012-07-30, 19.3600
2012-07-31, 19.7100
2012-08-01, 19.6600
2012-08-02, 19.1400
2012-08-03, 20.0400
2012-08-06, 19.8500
2012-08-07, 20.4200
2012-08-08, 20.3800
2012-08-09, 20.6500
2012-08-10, 20.5400
2012-08-13, 20.4700
2012-08-14, 20.2100
2012-08-15, 20.1400
2012-08-16, 21.3300
2012-08-17, 22.0100
2012-08-20, 21.8700
2012-08-21, 21.6300
2012-08-22, 21.7300
2012-08-23, 21.3400
2012-08-24, 21.1800
2012-08-27, 21.2200
2012-08-28, 20.9400
2012-08-29, 21.3000
2012-08-30, 21.1100
2012-08-31, 21.3500
2012-09-04, 21.3100
2012-09-05, 21.7600
2012-09-06, 22.4500
2012-09-07, 23.3700
2012-09-10, 22.9800
2012-09-11, 22.9700
2012-09-12, 23.1300
2012-09-13, 23.5300
2012-09-14, 24.1400
2012-09-17, 23.8000
2012-09-18, 24.4300
2012-09-19, 24.7500
2012-09-20, 24.4200
2012-09-21, 24.8000
2012-09-24, 24.3600
2012-09-25, 23.5200
2012-09-26, 23.3900
2012-09-27, 23.1800
2012-09-28, 22.7500
2012-10-01, 23.0900
2012-10-02, 23.6800
2012-10-03, 24.3900
2012-10-04, 24.6500
2012-10-05, 24.8000
2012-10-08, 24.5700
2012-10-09, 24.3700
2012-10-10, 24.2300
2012-10-11, 24.6600
2012-10-12, 24.4400
2012-10-15, 24.4800
2012-10-16, 24.7900
2012-10-17, 25.0600
2012-10-18, 25.5600
2012-10-19, 24.5900
2012-10-22, 24.6200
2012-10-23, 23.8700
2012-10-24, 23.6900
2012-10-25, 23.6300
2012-10-26, 23.2800
2012-10-31, 25.5000
2012-11-01, 25.6800
2012-11-02, 25.7900
2012-11-05, 25.5700
2012-11-06, 26.1900
2012-11-07, 25.0300
2012-11-08, 24.7200
2012-11-09, 25.0400
2012-11-12, 25.2600
2012-11-13, 24.8200
2012-11-14, 24.1700
2012-11-15, 23.8800
2012-11-16, 23.8500
2012-11-19, 24.9300
2012-11-20, 24.6000
2012-11-21, 24.6000
2012-11-23, 25.2100
2012-11-26, 25.2300
2012-11-27, 25.0100
2012-11-28, 25.2800
2012-11-29, 26.0900
2012-11-30, 25.8800
2012-12-03, 25.5100
2012-12-04, 25.4100
2012-12-05, 25.0000
2012-12-06, 24.5700
2012-12-07, 25.1900
2012-12-10, 25.2800
2012-12-11, 25.4500
2012-12-12, 25.6300
2012-12-13, 25.1200
2012-12-14, 24.6100
2012-12-17, 24.8500
2012-12-18, 25.4900
2012-12-19, 27.1800
2012-12-20, 27.3400
2012-12-21, 27.3200
2012-12-24, 27.6600
2012-12-26, 27.6200
2012-12-27, 27.9600
2012-12-28, 27.8500
2012-12-31, 28.8300
2013-01-02, 29.1300
2013-01-03, 29.8200
2013-01-04, 29.8600
2013-01-07, 29.6600
2013-01-08, 29.3700
2013-01-09, 29.9700
2013-01-10, 30.4400
2013-01-11, 30.3600
2013-01-14, 30.3300
2013-01-15, 30.6000
2013-01-16, 29.3100
2013-01-17, 29.4900
2013-01-18, 29.2800
2013-01-22, 28.6300
2013-01-23, 28.5700
2013-01-24, 28.7800
2013-01-25, 29.0700
2013-01-28, 28.8300
2013-01-29, 28.4500
2013-01-30, 27.9400
2013-01-31, 28.0900
2013-02-01, 28.1700
2013-02-04, 27.9600
2013-02-05, 28.5900
2013-02-06, 28.5200
2013-02-07, 28.4700
2013-02-08, 28.5700
2013-02-11, 28.5300
2013-02-12, 28.5500
2013-02-13, 28.6700
2013-02-14, 27.7500
2013-02-15, 27.7600
2013-02-19, 27.6800
2013-02-20, 27.1000
2013-02-21, 26.5100
2013-02-22, 27.1100
2013-02-25, 26.3300
2013-02-26, 26.8300
2013-02-27, 27.4000
2013-02-28, 27.1500
2013-03-01, 27.2100
2013-03-04, 27.0900
2013-03-05, 27.5800
2013-03-06, 27.9100
2013-03-07, 27.8800
2013-03-08, 28.0000
2013-03-11, 28.3100
2013-03-12, 28.3700
2013-03-13, 28.0700
2013-03-14, 28.1600
2013-03-15, 28.2100
2013-03-18, 28.0400
2013-03-19, 28.1000
2013-03-20, 29.2000
2013-03-21, 28.6300
2013-03-22, 28.2200
2013-03-25, 28.1600
2013-03-26, 28.1500
2013-03-27, 28.0600
2013-03-28, 27.8200
2013-04-01, 27.8000
2013-04-02, 27.9300
2013-04-03, 27.8000
2013-04-04, 27.7400
2013-04-05, 27.5200
2013-04-08, 27.5900
2013-04-09, 27.5300
2013-04-10, 28.3700
2013-04-11, 29.7200
2013-04-12, 29.6200
2013-04-15, 28.9100
2013-04-16, 29.4700
2013-04-17, 29.2700
2013-04-18, 28.9800
2013-04-19, 29.1500
2013-04-22, 29.2500
2013-04-23, 29.8500
2013-04-24, 30.4500
2013-04-25, 30.7100
2013-04-26, 30.5000
2013-04-29, 30.7900
2013-04-30, 30.8400
2013-05-01, 30.1800
2013-05-02, 31.1600
2013-05-03, 32.1000
2013-05-06, 31.8200
2013-05-07, 31.6500
2013-05-08, 32.0800
2013-05-09, 31.6500
2013-05-10, 31.4200
2013-05-13, 31.0000
2013-05-14, 31.5500
2013-05-15, 32.3100
2013-05-16, 32.3900
2013-05-17, 33.4200
2013-05-20, 33.7000
2013-05-21, 33.4000
2013-05-22, 33.2300
2013-05-23, 32.8500
2013-05-24, 32.8700
2013-05-28, 33.9600
2013-05-29, 34.0500
2013-05-30, 34.6400
2013-05-31, 33.8900
2013-06-03, 34.4200
2013-06-04, 34.9600
2013-06-05, 34.0200
2013-06-06, 34.4400
2013-06-07, 35.0300
2013-06-10, 34.7400
2013-06-11, 33.9300
2013-06-12, 33.4500
2013-06-13, 34.5000
2013-06-14, 34.2900
2013-06-17, 33.7300
2013-06-18, 34.0100
2013-06-19, 33.6600
2013-06-20, 32.5600
2013-06-21, 32.2100
2013-06-24, 31.4200
2013-06-25, 31.8200
2013-06-26, 32.5500
2013-06-27, 33.1000
2013-06-28, 33.3100
2013-07-01, 34.0000
2013-07-02, 34.1000
2013-07-03, 34.1400
2013-07-05, 34.6700
2013-07-08, 34.6400
2013-07-09, 34.9200
2013-07-10, 35.3300
2013-07-11, 36.1400
2013-07-12, 36.4000
2013-07-15, 36.5000
2013-07-16, 36.1800
2013-07-17, 36.3600
2013-07-18, 36.8400
2013-07-19, 36.6100
2013-07-22, 36.7600
2013-07-23, 36.6100
2013-07-24, 37.1400
2013-07-25, 37.0800
2013-07-26, 36.6700
2013-07-29, 36.3800
2013-07-30, 36.5000
2013-07-31, 35.8700
2013-08-01, 36.4700
2013-08-02, 36.9500
2013-08-05, 36.7500
2013-08-06, 35.9600
2013-08-07, 35.4800
2013-08-08, 36.0100
2013-08-09, 36.0200
2013-08-12, 35.9800
2013-08-13, 35.8400
2013-08-14, 35.5700
2013-08-15, 34.5500
2013-08-16, 34.3800
2013-08-19, 34.4900
2013-08-20, 34.7900
2013-08-21, 34.5300
2013-08-22, 34.9900
2013-08-23, 35.0600
2013-08-26, 34.9200
2013-08-27, 33.6900
2013-08-28, 33.9200
2013-08-29, 34.4500
2013-08-30, 34.0800
2013-09-03, 34.1400
2013-09-04, 35.8500
2013-09-05, 36.3300
2013-09-06, 36.1500
2013-09-09, 36.4800
2013-09-10, 37.0000
2013-09-11, 36.3500
2013-09-12, 36.3700
2013-09-13, 36.0600
2013-09-16, 36.2200
2013-09-17, 36.7100
2013-09-18, 37.5800
2013-09-19, 37.2300
2013-09-20, 36.8300
2013-09-23, 37.1300
2013-09-24, 37.4400
2013-09-25, 37.1800
2013-09-26, 36.9500
2013-09-27, 36.3700
2013-09-30, 35.9700
2013-10-01, 35.9100
2013-10-02, 35.9400
2013-10-03, 35.2900
2013-10-04, 35.7000
2013-10-07, 35.1800
2013-10-08, 34.2100
2013-10-09, 34.1600
2013-10-10, 34.8500
2013-10-11, 35.3500
2013-10-14, 35.3300
2013-10-15, 34.7000
2013-10-16, 35.1300
2013-10-17, 35.6600
2013-10-18, 35.8900
2013-10-21, 35.5000
2013-10-22, 35.4100
2013-10-23, 35.0500
2013-10-24, 35.6300
2013-10-25, 35.5900
2013-10-28, 35.8000
2013-10-29, 36.0600
2013-10-30, 37.2300
2013-10-31, 36.9500
2013-11-01, 37.3900
2013-11-04, 37.4700
2013-11-05, 37.0900
2013-11-06, 36.5900
2013-11-07, 35.9200
2013-11-08, 36.6600
2013-11-11, 36.6800
2013-11-12, 36.6600
2013-11-13, 38.4400
2013-11-14, 38.5000
2013-11-15, 38.7700
2013-11-18, 38.5700
2013-11-19, 38.0100
2013-11-20, 37.6900
2013-11-21, 38.1200
2013-11-22, 37.6300
2013-11-25, 37.5500
2013-11-26, 37.6700
2013-11-27, 38.8500
2013-11-29, 38.7300
2013-12-02, 39.1100
2013-12-03, 38.1400
2013-12-04, 38.7100
2013-12-05, 39.0900
2013-12-06, 40.1700
2013-12-09, 40.9000
2013-12-10, 40.4000
2013-12-11, 40.1600
2013-12-12, 40.0500
2013-12-13, 40.0400
2013-12-16, 41.4400
2013-12-17, 41.5300
2013-12-18, 41.2700
2013-12-19, 40.3000
2013-12-20, 40.9900
2013-12-23, 41.2900
2013-12-24, 40.8800
2013-12-26, 41.5200
2013-12-27, 40.9400
2013-12-30, 40.6900
2013-12-31, 40.8700
2014-01-02, 40.9500
2014-01-03, 39.5700
2014-01-06, 40.4000
2014-01-07, 40.2000
2014-01-08, 40.4200
2014-01-09, 40.4900
2014-01-10, 40.0300
2014-01-13, 39.5800
2014-01-14, 40.0200
2014-01-15, 39.3800
2014-01-16, 39.0000
2014-01-17, 38.6000
2014-01-21, 38.3400
2014-01-22, 38.8000
2014-01-23, 38.4200
2014-01-24, 36.8300
2014-01-27, 36.7600
2014-01-28, 36.8100
2014-01-29, 36.3500
2014-01-30, 36.8400
2014-01-31, 36.0800
2014-02-03, 35.2500
2014-02-04, 35.8200
2014-02-05, 35.2400
2014-02-06, 35.2300
2014-02-07, 36.1100
2014-02-10, 34.9000
2014-02-11, 35.2500
2014-02-12, 35.5600
2014-02-13, 35.2000
2014-02-14, 35.9500
2014-02-18, 36.3100
2014-02-19, 36.0300
2014-02-20, 36.5100
2014-02-21, 36.6900
2014-02-24, 36.5500
2014-02-25, 36.1000
2014-02-26, 36.8300
2014-02-27, 36.7700
2014-02-28, 36.2000
2014-03-03, 36.2100
2014-03-04, 36.9300
2014-03-05, 37.5200
2014-03-06, 37.5400
2014-03-07, 37.6900
2014-03-10, 37.0900
2014-03-11, 35.1800
2014-03-12, 34.8600
2014-03-13, 34.0900
2014-03-14, 34.0900
2014-03-17, 34.6300
2014-03-18, 35.1700
2014-03-19, 34.9100
2014-03-20, 35.2600
2014-03-21, 35.0100
2014-03-24, 35.1400
2014-03-25, 34.5100
2014-03-26, 34.2200
2014-03-27, 34.5100
2014-03-28, 34.7300
2014-03-31, 34.4200
2014-04-01, 34.3400
2014-04-02, 34.8800
2014-04-03, 35.4400
2014-04-04, 34.8100
2014-04-07, 34.1100
2014-04-08, 34.5300
2014-04-09, 33.6200
2014-04-10, 33.3000
2014-04-11, 31.9300
2014-04-14, 32.5500
2014-04-15, 33.3600
2014-04-16, 33.9700
2014-04-17, 33.9800
2014-04-21, 33.9800
2014-04-22, 34.2300
2014-04-23, 34.3900
2014-04-24, 34.1700
2014-04-25, 33.7200
2014-04-28, 33.7600
2014-04-29, 33.9900
2014-04-30, 34.4800
2014-05-01, 34.9000
2014-05-02, 34.9700
2014-05-05, 34.7500
2014-05-06, 34.7500
2014-05-07, 35.0700
2014-05-08, 34.8500
2014-05-09, 34.2300
2014-05-12, 34.8200
2014-05-13, 35.1500
2014-05-14, 34.9400
2014-05-15, 34.3600
2014-05-16, 34.0000
2014-05-19, 32.6800
2014-05-20, 33.0700
2014-05-21, 33.4600
2014-05-22, 33.4200
2014-05-23, 33.6300
2014-05-27, 33.9400
2014-05-28, 34.5900
2014-05-29, 34.4500
2014-05-30, 34.5800
2014-06-02, 34.8600
2014-06-03, 35.2600
2014-06-04, 36.5200
2014-06-05, 36.2700
2014-06-06, 36.5500
2014-06-09, 36.5000
2014-06-10, 36.4000
2014-06-11, 36.1200
2014-06-12, 35.5200
2014-06-13, 35.6300
2014-06-16, 36.0600
2014-06-17, 36.3600
2014-06-18, 36.3000
2014-06-19, 36.3700
2014-06-20, 36.2200
2014-06-23, 36.6700
2014-06-24, 36.5800
2014-06-25, 37.0900
2014-06-26, 36.9000
2014-06-27, 36.6200
2014-06-30, 36.3000
2014-07-01, 37.5900
2014-07-02, 37.7400
2014-07-03, 37.7400
2014-07-07, 37.4400
2014-07-08, 37.5800
2014-07-09, 37.9700
2014-07-10, 37.7500
2014-07-11, 37.9500
2014-07-14, 37.7000
2014-07-15, 37.5800
2014-07-16, 37.4800
2014-07-17, 37.1000
2014-07-18, 37.4100
2014-07-21, 37.4300
2014-07-22, 37.7600
2014-07-23, 37.4100
2014-07-24, 35.7400
2014-07-25, 35.0700
2014-07-28, 34.9000
2014-07-29, 34.4500
2014-07-30, 34.3100
2014-07-31, 33.8200
2014-08-01, 33.4400
2014-08-04, 33.6100
2014-08-05, 33.3600
2014-08-06, 33.4000
2014-08-07, 33.1100
2014-08-08, 33.5300
2014-08-11, 33.8000
2014-08-12, 33.7000
2014-08-13, 33.9500
2014-08-14, 33.9500
2014-08-15, 33.8400
2014-08-18, 34.4000
2014-08-19, 34.5700
2014-08-20, 34.5300
2014-08-21, 34.6000
2014-08-22, 34.2400
2014-08-25, 34.6700
2014-08-26, 34.8500
2014-08-27, 34.7100
2014-08-28, 34.6800
2014-08-29, 34.8000
2014-09-02, 34.8000
2014-09-03, 34.4700
2014-09-04, 34.6300
2014-09-05, 34.5800
2014-09-08, 33.2400
2014-09-09, 33.0700
2014-09-10, 33.2900
2014-09-11, 33.6100
2014-09-12, 33.2700
2014-09-15, 33.6300
2014-09-16, 33.7100
2014-09-17, 33.8500
2014-09-18, 34.0300
2014-09-19, 33.9400
2014-09-22, 33.4400
2014-09-23, 33.2200
2014-09-24, 33.6500
2014-09-25, 32.8700
2014-09-26, 33.1700
2014-09-29, 32.2200
2014-09-30, 31.9400
2014-10-01, 32.4900
2014-10-02, 33.1800
2014-10-03, 33.7600
2014-10-06, 33.7500
2014-10-07, 31.7700
2014-10-08, 32.1800
2014-10-09, 31.0300
2014-10-10, 30.2900
2014-10-13, 29.7900
2014-10-14, 30.1100
2014-10-15, 29.6900
2014-10-16, 29.9400
2014-10-17, 30.2400
2014-10-20, 30.3400
2014-10-21, 30.8400
2014-10-22, 31.3100
2014-10-23, 30.9300
2014-10-24, 30.0400
2014-10-27, 30.0800
2014-10-28, 31.1700
2014-10-29, 30.7200
2014-10-30, 31.4200
2014-10-31, 31.4000
2014-11-03, 31.1800
2014-11-04, 30.8200
2014-11-05, 30.7300
2014-11-06, 31.3700
2014-11-07, 31.5900
2014-11-10, 31.1200
2014-11-11, 31.3500
2014-11-12, 31.4200
2014-11-13, 31.6500
2014-11-14, 31.7900
2014-11-17, 32.3100
2014-11-18, 32.2700
2014-11-19, 32.1500
2014-11-20, 32.1300
2014-11-21, 32.1300
2014-11-24, 32.1900
2014-11-25, 32.2300
2014-11-26, 32.0700
2014-11-28, 33.4300
2014-12-01, 32.9400
2014-12-02, 33.2600
2014-12-03, 33.6400
2014-12-04, 33.0900
2014-12-05, 33.9300
2014-12-08, 32.6800
2014-12-09, 32.8100
2014-12-10, 31.9700
2014-12-11, 32.1900
2014-12-12, 31.5700
2014-12-15, 31.0000
2014-12-16, 30.7300
2014-12-17, 31.1500
2014-12-18, 31.7500
2014-12-19, 32.8100
2014-12-22, 33.2300
2014-12-23, 33.5600
2014-12-24, 33.4300
2014-12-26, 33.7300
2014-12-29, 34.6000
2014-12-30, 35.0900
2014-12-31, 34.9100
2015-01-02, 34.8400
2015-01-05, 34.3300
2015-01-06, 34.8500
2015-01-07, 35.8400
2015-01-08, 36.2000
2015-01-09, 35.5900
2015-01-12, 35.8400
2015-01-13, 35.2500
2015-01-14, 34.3000
2015-01-15, 33.4300
2015-01-16, 33.6800
2015-01-20, 33.9300
2015-01-21, 33.8900
2015-01-22, 33.8200
2015-01-23, 33.7500
2015-01-26, 33.7000
2015-01-27, 33.4200
2015-01-28, 32.8400
2015-01-29, 33.1600
2015-01-30, 32.6200
2015-02-02, 33.1100
2015-02-03, 33.9800
2015-02-04, 35.8300
2015-02-05, 36.2500
2015-02-06, 36.0000
2015-02-09, 36.0000
2015-02-10, 37.5200
2015-02-11, 37.6700
2015-02-12, 38.0200
2015-02-13, 37.6200
2015-02-17, 37.2400
2015-02-18, 37.1900
2015-02-19, 37.5100
2015-02-20, 37.6500
2015-02-23, 37.6900
2015-02-24, 37.7500
2015-02-25, 37.8600
2015-02-26, 37.5600
2015-02-27, 37.3100
2015-03-02, 37.6100
2015-03-03, 37.8000
2015-03-04, 37.5700
2015-03-05, 37.6100
2015-03-06, 36.8400
2015-03-09, 37.6600
2015-03-10, 37.5500
2015-03-11, 37.7800
2015-03-12, 38.4300
2015-03-13, 38.0500
2015-03-16, 38.5800
2015-03-17, 38.2900
2015-03-18, 38.5000
2015-03-19, 38.6500
2015-03-20, 38.8700
2015-03-23, 38.5900
2015-03-24, 37.8500
2015-03-25, 37.3800
2015-03-26, 37.3500
2015-03-27, 37.3100
2015-03-30, 37.6800
2015-03-31, 37.5000
2015-04-01, 36.7400
2015-04-02, 36.5000
2015-04-06, 36.6600
2015-04-07, 35.7300
2015-04-08, 36.1100
2015-04-09, 36.2900
2015-04-10, 36.5700
2015-04-13, 36.4000
2015-04-14, 36.4800
2015-04-15, 36.9400
2015-04-16, 37.0800
2015-04-17, 36.6400
2015-04-20, 37.1100
2015-04-21, 37.1600
2015-04-22, 37.1600
2015-04-23, 35.9200
2015-04-24, 35.5900
2015-04-27, 35.7800
2015-04-28, 35.7200
2015-04-29, 35.5100
2015-04-30, 35.0600
2015-05-01, 35.4200
2015-05-04, 35.4000
2015-05-05, 35.0100
2015-05-06, 34.7700
2015-05-07, 34.8800
2015-05-08, 35.3200
2015-05-11, 35.2200
2015-05-12, 34.7400
2015-05-13, 34.8000
2015-05-14, 34.6500
2015-05-15, 34.9100
2015-05-18, 35.0500
2015-05-19, 35.1200
2015-05-20, 35.0200
2015-05-21, 35.5800
2015-05-22, 35.7000
2015-05-26, 35.5200
2015-05-27, 35.8100
2015-05-28, 36.3900
2015-05-29, 35.9700
2015-06-01, 36.1800
2015-06-02, 36.2200
2015-06-03, 35.9400
2015-06-04, 35.5400
2015-06-05, 35.1200
2015-06-08, 34.9900
2015-06-09, 35.2600
2015-06-10, 35.5900
2015-06-11, 35.5500
2015-06-12, 35.7100
2015-06-15, 35.4600
2015-06-16, 35.6100
2015-06-17, 35.8100
2015-06-18, 36.2000
2015-06-19, 36.1100
2015-06-22, 36.1900
2015-06-23, 36.3000
2015-06-24, 35.1600
2015-06-25, 34.7000
2015-06-26, 34.3800
2015-06-29, 33.2300
2015-06-30, 33.3300
2015-07-01, 33.0400
2015-07-02, 33.2300
2015-07-06, 32.6500
2015-07-07, 32.8600
2015-07-08, 31.1900
2015-07-09, 31.0100
2015-07-10, 31.4000
2015-07-13, 31.6800
2015-07-14, 31.7700
2015-07-15, 31.4300
2015-07-16, 30.6100
2015-07-17, 30.6500
2015-07-20, 30.5000
2015-07-21, 30.3900
2015-07-22, 30.3000
2015-07-23, 31.5000
2015-07-24, 31.0600
2015-07-27, 31.0500
2015-07-28, 31.3200
2015-07-29, 31.9500
2015-07-30, 31.9100
2015-07-31, 31.5100
2015-08-03, 31.6800
2015-08-04, 31.5200
2015-08-05, 31.6000
2015-08-06, 31.8600
2015-08-07, 31.7400
2015-08-10, 31.9400
2015-08-11, 30.8300
2015-08-12, 30.8700
2015-08-13, 31.0600
2015-08-14, 31.4900
2015-08-17, 31.6100
2015-08-18, 31.7100
2015-08-19, 31.6300
2015-08-20, 30.8400
2015-08-21, 29.6000
2015-08-24, 27.8000
2015-08-25, 27.2800
2015-08-26, 28.1000
2015-08-27, 28.5800
2015-08-28, 29.0000
2015-08-31, 29.4400
2015-09-01, 28.6400
2015-09-02, 29.2100
2015-09-03, 29.1100
2015-09-04, 28.8800
2015-09-08, 29.8800
2015-09-09, 29.6200
2015-09-10, 30.0000
2015-09-11, 30.1500
2015-09-14, 30.7200
2015-09-15, 30.9900
2015-09-16, 31.2000
2015-09-17, 31.3100
2015-09-18, 30.5100
2015-09-21, 30.6200
2015-09-22, 30.0300
2015-09-23, 29.7200
2015-09-24, 29.4400
2015-09-25, 29.4100
2015-09-28, 28.5600
2015-09-29, 29.1500
2015-09-30, 30.0200
2015-10-01, 30.6700
2015-10-02, 31.7300
2015-10-05, 31.7600
2015-10-06, 32.2200
2015-10-07, 33.0500
2015-10-08, 33.4300
2015-10-09, 32.9500
2015-10-12, 33.0200
2015-10-13, 33.1300
2015-10-14, 33.3300
2015-10-15, 33.3200
2015-10-16, 33.1500
2015-10-19, 33.2400
2015-10-20, 33.4800
2015-10-21, 35.4200
2015-10-22, 35.4200
2015-10-23, 35.9500
2015-10-26, 35.6700
2015-10-27, 34.9700
2015-10-28, 35.2200
2015-10-29, 34.7500
2015-10-30, 34.9100
2015-11-02, 35.5700
2015-11-03, 35.7800
2015-11-04, 35.4200
2015-11-05, 35.4400
2015-11-06, 35.7500
2015-11-09, 35.6700
2015-11-10, 35.6200
2015-11-11, 35.5500
2015-11-12, 35.0900
2015-11-13, 34.3100
2015-11-16, 35.1700
2015-11-17, 35.2100
2015-11-18, 36.4600
2015-11-19, 36.1400
2015-11-20, 36.3400
2015-11-23, 36.0800
2015-11-24, 36.2200
2015-11-25, 36.3400
2015-11-27, 36.3700
2015-11-30, 36.2000
2015-12-01, 36.2600
2015-12-02, 35.7300
2015-12-03, 35.4700
2015-12-04, 36.2500
2015-12-07, 36.1300
2015-12-08, 35.4800
2015-12-09, 35.4500
2015-12-10, 35.6300
2015-12-11, 34.5500
2015-12-14, 34.3900
2015-12-15, 34.5400
2015-12-16, 35.1400
2015-12-17, 34.1100
2015-12-18, 33.6700
2015-12-21, 33.8300
2015-12-22, 34.2900
2015-12-23, 34.7800
2015-12-24, 34.6000
2015-12-28, 34.5100
2015-12-29, 34.5000
2015-12-30, 34.3300
2015-12-31, 34.0100
2016-01-04, 33.3100
2016-01-05, 32.4300
2016-01-06, 31.2700
2016-01-07, 29.9900
2016-01-08, 29.5300
2016-01-11, 30.2500
2016-01-12, 30.3000
2016-01-13, 30.4900
2016-01-14, 30.3000
2016-01-15, 29.5700
2016-01-19, 29.4000
2016-01-20, 29.4200
2016-01-21, 29.5500
2016-01-22, 29.2800
2016-01-25, 29.2300
2016-01-26, 29.6500
2016-01-27, 29.2100
2016-01-28, 29.0200
2016-01-29, 29.6400
2016-02-01, 30.1100
2016-02-02, 29.6500
2016-02-03, 28.9200
2016-02-04, 28.6400
2016-02-05, 28.5400
2016-02-08, 28.6800
2016-02-09, 27.8700
2016-02-10, 27.7100
2016-02-11, 26.9000
2016-02-12, 27.7100
2016-02-16, 28.5800
2016-02-17, 29.2700
2016-02-18, 29.0300
2016-02-19, 28.7800
2016-02-22, 29.6300
2016-02-23, 29.3800
2016-02-24, 28.8400
2016-02-25, 29.5000
2016-02-26, 29.6300
2016-02-29, 29.4400
2016-03-01, 30.0100
2016-03-02, 30.1500
2016-03-03, 31.0700
2016-03-04, 31.3700
2016-03-07, 31.5900
2016-03-08, 30.6800
2016-03-09, 30.5400
2016-03-10, 30.8200
2016-03-11, 31.2600
2016-03-14, 31.1800
2016-03-15, 31.0500
2016-03-16, 31.6900
2016-03-17, 31.9600
2016-03-18, 31.9600
2016-03-21, 32.0800
2016-03-22, 31.9000
2016-03-23, 31.3100
2016-03-24, 30.9600
2016-03-28, 31.0200
2016-03-29, 31.1900
2016-03-30, 30.9900
2016-03-31, 31.4300
2016-04-01, 30.4700
2016-04-04, 29.9000
2016-04-05, 29.6000
2016-04-06, 29.9400
2016-04-07, 29.4200
2016-04-08, 29.3700
2016-04-11, 29.5300
2016-04-12, 29.7100
2016-04-13, 30.7800
2016-04-14, 30.7200
2016-04-15, 30.5600
2016-04-18, 31.3100
2016-04-19, 31.9700
2016-04-20, 32.1900
2016-04-21, 32.6600
2016-04-22, 32.1800
2016-04-25, 31.9500
2016-04-26, 32.1900
2016-04-27, 32.1600
2016-04-28, 32.4400
2016-04-29, 31.8000
2016-05-02, 31.7500
2016-05-03, 31.2500
2016-05-04, 30.5900
2016-05-05, 30.5400
2016-05-06, 30.9600
2016-05-09, 30.7800
2016-05-10, 31.3500
2016-05-11, 31.0800
2016-05-12, 31.1800
2016-05-13, 30.5200
2016-05-16, 30.6700
2016-05-17, 30.6300
2016-05-18, 30.7500
2016-05-19, 30.3200
2016-05-20, 30.5700
2016-05-23, 30.5900
2016-05-24, 31.0500
2016-05-25, 31.6500
2016-05-26, 31.2900
2016-05-27, 31.3900
2016-05-31, 31.2800
2016-06-01, 30.2200
2016-06-02, 30.2600
2016-06-03, 29.6000
2016-06-06, 29.9900
2016-06-07, 30.2400
2016-06-08, 29.5700
2016-06-09, 29.3600
2016-06-10, 29.0600
2016-06-13, 29.0800
2016-06-14, 28.8300
2016-06-15, 28.8600
2016-06-16, 29.0200
2016-06-17, 29.2300
2016-06-20, 29.6500
2016-06-21, 29.5100
2016-06-22, 29.3200
2016-06-23, 29.8200
2016-06-24, 28.3500
2016-06-27, 27.5100
2016-06-28, 27.7400
2016-06-29, 28.1700
2016-06-30, 28.3000
2016-07-01, 28.8900
2016-07-05, 28.1700
2016-07-06, 28.4000
2016-07-07, 28.7400
2016-07-08, 29.6600
2016-07-11, 30.1300
2016-07-12, 30.6000
2016-07-13, 30.6300
2016-07-14, 30.7600
2016-07-15, 30.7700
2016-07-18, 30.8700
2016-07-19, 31.2500
2016-07-20, 31.4900
2016-07-21, 32.0300
2016-07-22, 32.1600
2016-07-25, 32.0600
2016-07-26, 32.1500
2016-07-27, 32.0200
2016-07-28, 30.9900
2016-07-29, 31.5400
2016-08-01, 31.3000
2016-08-02, 29.9300
2016-08-03, 30.2400
2016-08-04, 30.3400
2016-08-05, 30.8000
2016-08-08, 30.8800
2016-08-09, 31.0700
2016-08-10, 31.2500
2016-08-11, 31.7500
2016-08-12, 31.5700
2016-08-15, 31.8600
2016-08-16, 31.7100
2016-08-17, 31.8500
2016-08-18, 31.5500
2016-08-19, 31.8300
2016-08-22, 31.8700
2016-08-23, 31.9000
2016-08-24, 31.7800
2016-08-25, 31.5400
2016-08-26, 31.5300
2016-08-29, 31.8100
2016-08-30, 31.6700
2016-08-31, 31.9200
2016-09-01, 31.8000
2016-09-02, 32.1600
2016-09-06, 32.1300
2016-09-07, 31.8900
2016-09-08, 31.7100
2016-09-09, 30.4800
2016-09-12, 31.1800
2016-09-13, 30.9400
2016-09-14, 30.7100
2016-09-15, 31.1200
2016-09-16, 30.9700
2016-09-19, 31.7200
2016-09-20, 31.6500
2016-09-21, 32.1100
2016-09-22, 32.3900
2016-09-23, 32.1200
2016-09-26, 31.8000
2016-09-27, 31.6000
2016-09-28, 31.9000
2016-09-29, 31.4800
2016-09-30, 31.7700
2016-10-03, 32.0400
2016-10-04, 32.1700
2016-10-05, 32.6800
2016-10-06, 32.5300
2016-10-07, 32.3400
2016-10-10, 32.1500
2016-10-11, 31.8900
2016-10-12, 31.6800
2016-10-13, 31.5100
2016-10-14, 31.8700
2016-10-17, 31.5600
2016-10-18, 31.4000
2016-10-19, 31.8500
2016-10-20, 31.7500
2016-10-21, 32.0400
2016-10-24, 32.9800
2016-10-25, 31.6000
2016-10-26, 31.5800
2016-10-27, 31.3300
2016-10-28, 31.3200
2016-10-31, 31.6000
2016-11-01, 31.4800
2016-11-02, 31.4500
2016-11-03, 31.0700
2016-11-04, 31.1600
2016-11-07, 32.0200
2016-11-08, 31.7300
2016-11-09, 30.9600
2016-11-10, 32.7300
2016-11-11, 34.0200
2016-11-14, 33.2800
2016-11-15, 33.4300
2016-11-16, 33.2300
2016-11-17, 33.4200
2016-11-18, 33.0000
2016-11-21, 33.0100
2016-11-22, 33.8100
2016-11-23, 33.8600
2016-11-25, 34.2500
2016-11-28, 34.0500
2016-11-29, 34.5700
2016-11-30, 34.5300
2016-12-01, 36.4300
2016-12-02, 35.4100
2016-12-05, 34.9400
2016-12-06, 35.0700
2016-12-07, 36.3000
2016-12-08, 36.4200
2016-12-09, 37.6600
2016-12-12, 37.1000
2016-12-13, 37.3600
2016-12-14, 35.9500
2016-12-15, 36.2400
2016-12-16, 36.3700
2016-12-19, 36.4000
2016-12-20, 36.6100
2016-12-21, 36.4200
2016-12-22, 35.6900
2016-12-23, 35.6900
2016-12-27, 35.5400
2016-12-28, 35.1500
2016-12-29, 35.1400
2016-12-30, 34.8400
2017-01-03, 35.1500
2017-01-04, 37.0900
2017-01-05, 36.3900
2017-01-06, 35.9900
2017-01-09, 36.0100
2017-01-10, 37.3500
2017-01-11, 37.9500
2017-01-12, 37.5100
2017-01-13, 37.3400
2017-01-17, 37.3100
2017-01-18, 37.4700
2017-01-19, 37.3000
2017-01-20, 37.0100
2017-01-23, 36.6500
2017-01-24, 37.0000
2017-01-25, 38.2800
2017-01-26, 37.5200
2017-01-27, 37.0100
2017-01-30, 36.3300
2017-01-31, 36.6100
2017-02-01, 36.1400
2017-02-02, 35.7300
2017-02-03, 36.3300
2017-02-06, 36.8300
2017-02-07, 35.1000
2017-02-08, 35.1400
2017-02-09, 35.0800
2017-02-10, 35.1700
2017-02-13, 35.5200
2017-02-14, 37.2400
2017-02-15, 37.0800
2017-02-16, 37.0300
2017-02-17, 37.2200
2017-02-21, 37.8100
2017-02-22, 37.8400
2017-02-23, 37.2500
2017-02-24, 36.9000
2017-02-27, 37.2700
2017-02-28, 36.8400
2017-03-01, 37.4300
2017-03-02, 37.7600
2017-03-03, 38.2300
2017-03-06, 37.9100
2017-03-07, 37.5200
2017-03-08, 37.2700
2017-03-09, 36.8300
2017-03-10, 36.8300
2017-03-13, 36.8700
2017-03-14, 36.9600
2017-03-15, 37.0900
2017-03-16, 37.0800
2017-03-17, 36.3300
2017-03-20, 35.7100
2017-03-21, 34.5500
2017-03-22, 34.3900
2017-03-23, 34.2600
2017-03-24, 34.5600
2017-03-27, 34.7100
2017-03-28, 35.5600
2017-03-29, 35.5400
2017-03-30, 35.4100
2017-03-31, 35.3600
2017-04-03, 34.1700
2017-04-04, 34.2700
2017-04-05, 34.0000
2017-04-06, 34.1600
2017-04-07, 33.7100
2017-04-10, 33.9700
2017-04-11, 33.9200
2017-04-12, 33.9400
2017-04-13, 33.3900
2017-04-17, 33.9000
2017-04-18, 33.6900
2017-04-19, 33.7900
2017-04-20, 34.1000
2017-04-21, 33.7500
2017-04-24, 33.9100
2017-04-25, 33.9900
2017-04-26, 34.3800
2017-04-27, 34.5400
2017-04-28, 34.6400
2017-05-01, 34.2000
2017-05-02, 33.2000
2017-05-03, 33.4800
2017-05-04, 33.1500
2017-05-05, 33.7700
2017-05-08, 33.9700
2017-05-09, 34.2600
2017-05-10, 34.2300
2017-05-11, 34.1100
2017-05-12, 33.6200
2017-05-15, 33.8200
2017-05-16, 33.4200
2017-05-17, 32.4200
2017-05-18, 32.4700
2017-05-19, 32.7200
2017-05-22, 32.9200
2017-05-23, 33.2200
2017-05-24, 33.2000
2017-05-25, 32.6000
2017-05-26, 33.0700
2017-05-30, 33.5300
2017-05-31, 33.9300
2017-06-01, 34.4300
2017-06-02, 34.4500
2017-06-05, 34.4600
2017-06-06, 34.4300
2017-06-07, 34.3400
2017-06-08, 34.1100
2017-06-09, 34.3400
2017-06-12, 34.6800
2017-06-13, 34.5100
2017-06-14, 34.6100
2017-06-15, 34.6000
2017-06-16, 34.2900
2017-06-19, 34.3500
2017-06-20, 34.4000
2017-06-21, 34.1300
2017-06-22, 34.1900
2017-06-23, 34.2000
2017-06-26, 34.5200
2017-06-27, 34.2100
2017-06-28, 34.5800
2017-06-29, 34.8600
2017-06-30, 34.9300
2017-07-03, 35.5700
2017-07-05, 35.0100
2017-07-06, 34.8700
2017-07-07, 34.9400
2017-07-10, 35.1900
2017-07-11, 35.4000
2017-07-12, 35.5000
2017-07-13, 35.8600
2017-07-14, 36.3500
2017-07-17, 36.3800
2017-07-18, 36.4300
2017-07-19, 36.4700
2017-07-20, 36.4100
2017-07-21, 36.0700
2017-07-24, 35.8200
2017-07-25, 35.5700
2017-07-26, 35.6200
2017-07-27, 35.9400
2017-07-28, 35.7700
2017-07-31, 35.9800
2017-08-01, 35.3000
2017-08-02, 34.8200
2017-08-03, 34.7700
2017-08-04, 35.2700
2017-08-07, 35.3000
2017-08-08, 35.3900
2017-08-09, 35.2800
2017-08-10, 34.8800
2017-08-11, 34.9300
2017-08-14, 35.4700
2017-08-15, 35.5400
2017-08-16, 35.7500
2017-08-17, 35.0000
2017-08-18, 34.8300
2017-08-21, 34.9100
2017-08-22, 35.3000
2017-08-23, 35.4900
2017-08-24, 35.5200
2017-08-25, 35.6000
2017-08-28, 35.5100
2017-08-29, 35.5200
2017-08-30, 35.8200
2017-08-31, 36.5400
2017-09-01, 37.3600
2017-09-05, 37.2300
2017-09-06, 37.6700
2017-09-07, 36.9100
2017-09-08, 37.0000
2017-09-11, 37.3500
2017-09-12, 37.8900
2017-09-13, 38.2100
2017-09-14, 38.7900
2017-09-15, 38.8800
2017-09-18, 38.5900
2017-09-19, 38.7000
2017-09-20, 38.8800
2017-09-21, 39.1000
2017-09-22, 39.4200
2017-09-25, 40.3000
2017-09-26, 40.2600
2017-09-27, 40.5800
2017-09-28, 40.5800
2017-09-29, 40.3800
2017-10-02, 42.1500
2017-10-03, 43.4500
2017-10-04, 43.7800
2017-10-05, 43.8500
2017-10-06, 44.9300
2017-10-09, 45.3300
2017-10-10, 45.2100
2017-10-11, 45.4700
2017-10-12, 44.8900
2017-10-13, 45.8800
2017-10-16, 45.7600
2017-10-17, 45.0200
2017-10-18, 45.1200
2017-10-19, 45.3500
2017-10-20, 45.6100
2017-10-23, 45.1500
2017-10-24, 46.4800
2017-10-25, 45.1200
2017-10-26, 45.2500
2017-10-27, 44.6400
2017-10-30, 43.3700
2017-10-31, 42.9800
2017-11-01, 43.1300
2017-11-02, 42.6000
2017-11-03, 42.3400
2017-11-06, 42.1400
2017-11-07, 41.7000
2017-11-08, 42.1100
2017-11-09, 42.1100
2017-11-10, 42.6600
2017-11-13, 43.5700
2017-11-14, 43.0000
2017-11-15, 42.8600
2017-11-16, 43.6000
2017-11-17, 43.8800
2017-11-20, 44.8800
2017-11-21, 44.9700
2017-11-22, 44.2900
2017-11-24, 44.4600
2017-11-27, 44.1700
2017-11-28, 44.9200
2017-11-29, 43.8100
2017-11-30, 43.0900
2017-12-01, 42.7900
2017-12-04, 43.0500
2017-12-05, 42.8000
2017-12-06, 42.1500
2017-12-07, 42.0200
2017-12-08, 42.0200
2017-12-11, 41.6700
2017-12-12, 41.5300
2017-12-13, 41.4000
2017-12-14, 40.8100
2017-12-15, 40.9500
2017-12-18, 42.1500
2017-12-19, 42.4900
2017-12-20, 42.5200
2017-12-21, 42.1600
2017-12-22, 42.0200
2017-12-26, 41.8000
2017-12-27, 41.3100
2017-12-28, 41.3800
2017-12-29, 40.9900
2018-01-02, 41.8000
2018-01-03, 42.8200
2018-01-04, 44.1400
2018-01-05, 44.0100
2018-01-08, 44.2200
2018-01-09, 44.0500
2018-01-10, 43.0000
2018-01-11, 44.1900
2018-01-12, 44.0700
2018-01-16, 44.1900
2018-01-17, 44.0300
2018-01-18, 43.8600
2018-01-19, 43.1500
2018-01-22, 43.2900
2018-01-23, 43.3800
2018-01-24, 44.1600
2018-01-25, 43.1600
2018-01-26, 43.4900
2018-01-29, 43.0200
2018-01-30, 42.7000
2018-01-31, 42.4100
2018-02-01, 42.4300
2018-02-02, 41.0000
2018-02-05, 39.5400
2018-02-06, 41.8600
2018-02-07, 42.3900
2018-02-08, 40.7500
2018-02-09, 41.4600
2018-02-12, 42.0000
2018-02-13, 41.4000
2018-02-14, 41.8100
2018-02-15, 41.8500
2018-02-16, 41.0900
2018-02-20, 40.7700
2018-02-21, 40.5600
2018-02-22, 40.9100
2018-02-23, 40.9100
2018-02-26, 41.5400
2018-02-27, 40.1700
2018-02-28, 39.3500
2018-03-01, 37.7900
2018-03-02, 37.4300
2018-03-05, 37.7400
2018-03-06, 37.9300
2018-03-07, 37.7400
2018-03-08, 37.8400
2018-03-09, 37.8400
2018-03-12, 37.8300
2018-03-13, 38.0100
2018-03-14, 37.6900
2018-03-15, 37.8500
2018-03-16, 37.9400
2018-03-19, 37.0100
2018-03-20, 36.8900
2018-03-21, 37.5800
2018-03-22, 36.3500
2018-03-23, 35.1700
2018-03-26, 35.9900
2018-03-27, 34.8700
2018-03-28, 35.4700
2018-03-29, 36.3400
2018-04-02, 35.7600
2018-04-03, 36.9400
2018-04-04, 38.0300
2018-04-05, 38.0000
2018-04-06, 37.6800
2018-04-09, 37.8300
2018-04-10, 39.0700
2018-04-11, 39.0000
2018-04-12, 38.8300
2018-04-13, 38.7300
2018-04-16, 39.1700
2018-04-17, 39.2200
2018-04-18, 38.9300
2018-04-19, 37.7700
2018-04-20, 37.6100
2018-04-23, 37.6900
2018-04-24, 37.9300
2018-04-25, 38.1100
2018-04-26, 38.2500
2018-04-27, 37.6500
2018-04-30, 36.7400
2018-05-01, 36.4200
2018-05-02, 36.2000
2018-05-03, 36.1500
2018-05-04, 36.7100
2018-05-07, 36.3400
2018-05-08, 36.3300
2018-05-09, 36.2700
2018-05-10, 37.1600
2018-05-11, 36.8900
2018-05-14, 36.6300
2018-05-15, 36.9400
2018-05-16, 38.0300
2018-05-17, 38.3000
2018-05-18, 37.7900
2018-05-21, 38.0900
2018-05-22, 38.2800
2018-05-23, 37.8500
2018-05-24, 38.3900
2018-05-25, 38.3000
2018-05-29, 37.3800
2018-05-30, 37.8300
2018-05-31, 42.7000
2018-06-01, 43.2000
2018-06-04, 43.7800
2018-06-05, 43.4100
2018-06-06, 43.9300
2018-06-07, 44.0100
2018-06-08, 44.2500
2018-06-11, 44.8500
2018-06-12, 44.1800
2018-06-13, 44.4500
2018-06-14, 43.5700
2018-06-15, 43.9100
2018-06-18, 43.9500
2018-06-19, 42.2600
2018-06-20, 41.9500
2018-06-21, 41.1200
2018-06-22, 41.2500
2018-06-25, 40.6100
2018-06-26, 41.0100
2018-06-27, 40.3700
2018-06-28, 40.5200
2018-06-29, 39.4000
2018-07-02, 39.5000
2018-07-03, 38.9700
2018-07-05, 39.4700
2018-07-06, 39.1600
2018-07-09, 39.7500
2018-07-10, 40.0900
2018-07-11, 39.3000
2018-07-12, 39.2700
2018-07-13, 39.3600
2018-07-16, 39.5600
2018-07-17, 40.0300
2018-07-18, 39.8700
2018-07-19, 39.3100
2018-07-20, 39.4000
2018-07-23, 39.2700
2018-07-24, 39.4800
2018-07-25, 37.6500
2018-07-26, 36.7500
2018-07-27, 37.5300
2018-07-30, 37.6700
2018-07-31, 37.9100
2018-08-01, 37.1400
2018-08-02, 36.6200
2018-08-03, 37.7300
2018-08-06, 37.6000
2018-08-07, 37.5800
2018-08-08, 37.6600
2018-08-09, 37.5100
2018-08-10, 36.5900
2018-08-13, 36.1600
2018-08-14, 36.2000
2018-08-15, 35.9400
2018-08-16, 36.2900
2018-08-17, 36.3800
2018-08-20, 36.7700
2018-08-21, 36.9100
2018-08-22, 36.1300
2018-08-23, 35.6700
2018-08-24, 35.9500
2018-08-27, 37.6900
2018-08-28, 37.3200
2018-08-29, 37.1200
2018-08-30, 36.3600
2018-08-31, 36.0500
2018-09-04, 35.6000
2018-09-05, 35.2900
2018-09-06, 34.3800
2018-09-07, 33.9100
2018-09-10, 33.8700
2018-09-11, 33.7700
2018-09-12, 34.0600
2018-09-13, 34.2500
2018-09-14, 34.6300
2018-09-17, 35.0200
2018-09-18, 35.1000
2018-09-19, 35.7300
2018-09-20, 36.0800
2018-09-21, 35.3200
2018-09-24, 34.7500
2018-09-25, 33.5500
2018-09-26, 33.7300
2018-09-27, 33.6700
2018-09-28, 33.6700
2018-10-01, 34.2000
2018-10-02, 33.3000
2018-10-03, 34.0000
2018-10-04, 34.2500
2018-10-05, 34.1200
2018-10-08, 34.2500
2018-10-09, 32.6500
2018-10-10, 32.6000
2018-10-11, 32.3100
2018-10-12, 31.7900
2018-10-15, 32.1200
2018-10-16, 32.3400
2018-10-17, 31.9300
2018-10-18, 31.0800
2018-10-19, 31.2000
2018-10-22, 31.3400
2018-10-23, 32.1200
2018-10-24, 30.5600
2018-10-25, 32.0000
2018-10-26, 32.6500
2018-10-29, 33.1300
2018-10-30, 33.5400
2018-10-31, 36.5900
2018-11-01, 36.4700
2018-11-02, 36.0300
2018-11-05, 36.2500
2018-11-06, 36.4600
2018-11-07, 36.8800
2018-11-08, 36.5700
2018-11-09, 35.7000
2018-11-12, 35.6900
2018-11-13, 35.9300
2018-11-14, 35.2300
2018-11-15, 35.5500
2018-11-16, 35.7500
2018-11-19, 35.6800
2018-11-20, 35.0900
2018-11-21, 35.5500
2018-11-23, 35.9300
2018-11-26, 37.6500
2018-11-27, 36.6900
2018-11-28, 36.9500
2018-11-29, 36.7600
2018-11-30, 37.9500
2018-12-03, 38.4500
2018-12-04, 36.5200
2018-12-06, 35.7000
2018-12-07, 34.6900
2018-12-10, 34.4200
2018-12-11, 34.6900
2018-12-12, 35.6800
2018-12-13, 35.1100
2018-12-14, 35.1000
2018-12-17, 34.6600
2018-12-18, 34.9000
2018-12-19, 34.9300
2018-12-20, 34.2700
2018-12-21, 32.9800
2018-12-24, 32.3700
2018-12-26, 33.5200
2018-12-27, 33.9600
2018-12-28, 33.9200
2018-12-31, 33.4500
2019-01-02, 33.6400
2019-01-03, 32.2500
2019-01-04, 33.3300
2019-01-07, 34.3600
2019-01-08, 34.8100
2019-01-09, 35.1800
2019-01-10, 34.7300
2019-01-11, 37.1800
2019-01-14, 37.6600
2019-01-15, 37.5500
2019-01-16, 37.6700
2019-01-17, 38.2600
2019-01-18, 38.6100
2019-01-22, 38.1500
2019-01-23, 37.6700
2019-01-24, 38.1600
2019-01-25, 38.6400
2019-01-28, 38.4600
2019-01-29, 38.4700
2019-01-30, 39.0900
2019-01-31, 39.0200
2019-02-01, 38.7800
2019-02-04, 38.9300
2019-02-05, 39.3000
2019-02-06, 39.9100
2019-02-07, 38.6500
2019-02-08, 38.7000
2019-02-11, 38.6300
2019-02-12, 39.0300
2019-02-13, 39.0000
2019-02-14, 38.8900
2019-02-15, 39.0900
2019-02-19, 39.5300
2019-02-20, 39.9500
2019-02-21, 39.6200
2019-02-22, 39.9900
2019-02-25, 40.1400
2019-02-26, 40.1100
2019-02-27, 40.0000
2019-02-28, 39.4800
2019-03-01, 39.5300
2019-03-04, 39.2500
2019-03-05, 39.2800
2019-03-06, 38.6700
2019-03-07, 38.0400
2019-03-08, 37.9900
2019-03-11, 38.6200
2019-03-12, 38.6200
2019-03-13, 38.8000
2019-03-14, 38.0300
2019-03-15, 38.0700
2019-03-18, 37.9800
2019-03-19, 38.2700
2019-03-20, 37.0000
2019-03-21, 37.3500
2019-03-22, 36.4400
2019-03-25, 36.7500
2019-03-26, 36.8700
2019-03-27, 36.6100
2019-03-28, 37.0600
2019-03-29, 37.1000
2019-04-01, 37.7600
2019-04-02, 37.8100
2019-04-03, 38.3900
2019-04-04, 38.7900
2019-04-05, 38.9400
2019-04-08, 39.0600
2019-04-09, 38.8600
2019-04-10, 39.2500
2019-04-11, 39.3300
2019-04-12, 39.7100
2019-04-15, 39.5700
2019-04-16, 39.6600
2019-04-17, 39.9900
2019-04-18, 40.3000
2019-04-22, 39.5000
2019-04-23, 39.8300
2019-04-24, 39.7200
2019-04-25, 39.1100
2019-04-26, 39.6800
2019-04-29, 40.0100
2019-04-30, 38.9500
2019-05-01, 38.7500
2019-05-02, 38.2500
2019-05-03, 38.8000
2019-05-06, 38.0900
2019-05-07, 38.5300
2019-05-08, 38.2100
2019-05-09, 37.5800
2019-05-10, 37.8900
2019-05-13, 36.5600
2019-05-14, 37.0400
2019-05-15, 37.3700
2019-05-16, 37.3800
2019-05-17, 37.0000
2019-05-20, 36.9700
2019-05-21, 37.1300
2019-05-22, 35.5500
2019-05-23, 35.1300
2019-05-24, 35.1200
2019-05-28, 34.8500
2019-05-29, 34.7900
2019-05-30, 34.8200
2019-05-31, 33.3400
2019-06-03, 33.7000
2019-06-04, 35.7300
2019-06-05, 35.8400
2019-06-06, 35.1900
2019-06-07, 35.4900
2019-06-10, 36.0100
2019-06-11, 36.2000
2019-06-12, 35.6700
2019-06-13, 36.0200
2019-06-14, 35.6600
2019-06-17, 36.1400
2019-06-18, 36.7000
2019-06-19, 36.7800
2019-06-20, 36.9600
2019-06-21, 36.9200
2019-06-24, 36.9600
2019-06-25, 37.6800
2019-06-26, 38.1300
2019-06-27, 38.3200
2019-06-28, 38.5300
2019-07-01, 38.7500
2019-07-02, 38.3400
2019-07-03, 38.1600
2019-07-05, 38.5000
2019-07-08, 38.2300
2019-07-09, 38.0800
2019-07-10, 38.1000
2019-07-11, 38.4300
2019-07-12, 39.2100
2019-07-15, 39.3600
2019-07-16, 39.4300
2019-07-17, 39.1600
2019-07-18, 39.1200
2019-07-19, 39.4800
2019-07-22, 39.8600
2019-07-23, 40.7100
2019-07-24, 40.8800
2019-07-25, 40.7500
2019-07-26, 40.7700
2019-07-29, 40.6800
2019-07-30, 40.4300
2019-07-31, 40.3400
2019-08-01, 40.1500
2019-08-02, 39.7800
2019-08-05, 39.0100
2019-08-06, 39.0800
2019-08-07, 39.3900
2019-08-08, 40.1000
2019-08-09, 39.6100
2019-08-12, 38.8600
2019-08-13, 39.0100
2019-08-14, 37.1900
2019-08-15, 36.4700
2019-08-16, 37.0000
2019-08-19, 37.3600
2019-08-20, 36.9600
2019-08-21, 37.1200
2019-08-22, 37.2600
2019-08-23, 36.0600
2019-08-26, 36.2500
2019-08-27, 35.8900
2019-08-28, 36.4400
2019-08-29, 36.9100
2019-08-30, 37.0900
2019-09-03, 36.9100
2019-09-04, 38.2400
2019-09-05, 38.7300
2019-09-06, 38.7800
2019-09-09, 39.5800
2019-09-10, 39.5800
2019-09-11, 39.4600
2019-09-12, 39.0700
2019-09-13, 38.8600
2019-09-16, 37.2100
2019-09-17, 38.2900
2019-09-18, 38.1800
2019-09-19, 37.7800
2019-09-20, 37.3700
2019-09-23, 37.2400
2019-09-24, 36.7700
2019-09-25, 37.1100
2019-09-26, 37.6100
2019-09-27, 37.4200
2019-09-30, 37.4800
2019-10-01, 36.1100
2019-10-02, 34.6800
2019-10-03, 34.9800
2019-10-04, 34.9100
2019-10-07, 34.7500
2019-10-08, 33.8800
2019-10-09, 34.1400
2019-10-10, 34.6600
2019-10-11, 35.5700
2019-10-14, 35.5000
2019-10-15, 36.2600
2019-10-16, 36.6500
2019-10-17, 36.1900
2019-10-18, 36.1700
2019-10-21, 35.9300
2019-10-22, 36.3100
2019-10-23, 36.6100
2019-10-24, 35.8200
2019-10-25, 36.7400
2019-10-28, 36.6400
2019-10-29, 38.2100
2019-10-30, 37.9100
2019-10-31, 37.1600
2019-11-01, 37.9700
2019-11-04, 38.3900
2019-11-05, 38.2300
2019-11-06, 38.4200
2019-11-07, 38.4900
2019-11-08, 38.6700
2019-11-11, 38.7200
2019-11-12, 38.5900
2019-11-13, 37.1900
2019-11-14, 36.8000
2019-11-15, 36.8900
2019-11-18, 36.6200
2019-11-19, 36.3800
2019-11-20, 35.2800
2019-11-21, 34.6700
2019-11-22, 35.3300
2019-11-25, 35.8100
2019-11-26, 35.9100
2019-11-27, 36.1400
2019-11-29, 36.0000
2019-12-02, 35.8800
2019-12-03, 35.5300
2019-12-04, 35.8000
2019-12-05, 35.3100
2019-12-06, 35.5400
2019-12-09, 35.3800
2019-12-10, 35.1100
2019-12-11, 35.2400
2019-12-12, 36.1000
2019-12-13, 35.6500
2019-12-16, 36.1100
2019-12-17, 36.3100
2019-12-18, 37.3100
2019-12-19, 37.2600
2019-12-20, 37.2500
2019-12-23, 36.7700
2019-12-24, 36.5800
2019-12-26, 36.4800
2019-12-27, 36.5600
2019-12-30, 36.4400
2019-12-31, 36.6000
2020-01-02, 37.3800
2020-01-03, 36.3200
2020-01-06, 35.8400
2020-01-07, 35.1500
2020-01-08, 34.6500
2020-01-09, 35.0800
2020-01-10, 34.6500
2020-01-13, 34.9800
2020-01-14, 35.1500
2020-01-15, 35.1500
2020-01-16, 35.5500
2020-01-17, 35.6000
2020-01-21, 34.9900
2020-01-22, 34.9100
2020-01-23, 34.8800
2020-01-24, 34.3100
2020-01-27, 33.4100
2020-01-28, 33.6400
2020-01-29, 33.6000
2020-01-30, 33.3300
2020-01-31, 33.3900
2020-02-03, 33.7200
2020-02-04, 34.3700
2020-02-05, 35.0300
2020-02-06, 34.3300
2020-02-07, 33.6300
2020-02-10, 34.2500
2020-02-11, 35.0100
2020-02-12, 35.4900
2020-02-13, 35.2900
2020-02-14, 34.7600
2020-02-18, 34.4100
2020-02-19, 34.9200
2020-02-20, 35.2900
2020-02-21, 34.6500
2020-02-24, 33.0900
2020-02-25, 31.7500
2020-02-26, 32.0000
2020-02-27, 30.7100
2020-02-28, 30.5000
2020-03-02, 31.4200
2020-03-03, 30.5200
2020-03-04, 31.5300
2020-03-05, 30.1000
2020-03-06, 28.6900
2020-03-09, 24.6900
2020-03-10, 27.1200
2020-03-11, 26.0000
2020-03-12, 23.0400
2020-03-13, 24.7100
2020-03-16, 21.0000
2020-03-17, 20.3200
2020-03-18, 16.8000
2020-03-19, 17.7100
2020-03-20, 18.1400
2020-03-23, 17.6000
2020-03-24, 21.1100
2020-03-25, 21.4900
2020-03-26, 22.5600
2020-03-27, 21.3800
2020-03-30, 21.3200
2020-03-31, 20.7800
2020-04-01, 19.2600
2020-04-02, 18.1900
2020-04-03, 18.0400
2020-04-06, 19.5500
2020-04-07, 21.3000
2020-04-08, 23.1300
2020-04-09, 24.0600
2020-04-13, 23.0100
2020-04-14, 22.9800
2020-04-15, 21.6600
2020-04-16, 20.8700
2020-04-17, 22.4800
2020-04-20, 22.3800
2020-04-21, 21.2400
2020-04-22, 21.3000
2020-04-23, 21.5200
2020-04-24, 21.9500
2020-04-27, 22.4500
2020-04-28, 22.1800
2020-04-29, 23.7800
2020-04-30, 22.2900
2020-05-01, 20.9000
2020-05-04, 20.7500
2020-05-05, 21.2600
2020-05-06, 21.8900
2020-05-07, 22.4400
2020-05-08, 23.9300
2020-05-11, 22.8000
2020-05-12, 22.5600
2020-05-13, 21.4600
2020-05-14, 22.3100
2020-05-15, 22.6300
2020-05-18, 24.8100
2020-05-19, 24.6900
2020-05-20, 25.4800
2020-05-21, 25.8000
2020-05-22, 25.9800
2020-05-26, 27.4000
2020-05-27, 27.7900
2020-05-28, 26.6800
2020-05-29, 25.8800
2020-06-01, 26.9400
2020-06-02, 27.4100
2020-06-03, 29.0700
2020-06-04, 29.1600
2020-06-05, 30.6100
2020-06-08, 30.6800
2020-06-09, 29.8600
2020-06-10, 28.7500
2020-06-11, 26.5000
2020-06-12, 27.9600
2020-06-15, 27.7700
2020-06-16, 27.7800
2020-06-17, 27.1600
2020-06-18, 27.0900
2020-06-19, 26.5900
2020-06-22, 26.3700
2020-06-23, 26.2500
2020-06-24, 25.2800
2020-06-25, 25.2300
2020-06-26, 24.4600
2020-06-29, 25.3000
2020-06-30, 25.3000
2020-07-01, 24.9600
2020-07-02, 25.2400
2020-07-06, 25.7300
2020-07-07, 25.1300
2020-07-08, 24.9400
2020-07-09, 23.4200
2020-07-10, 24.3900
2020-07-13, 24.8600
2020-07-14, 25.6400
2020-07-15, 26.8800
2020-07-16, 26.8500
2020-07-17, 26.4500
2020-07-20, 26.0100
2020-07-21, 26.1500
2020-07-22, 26.3000
2020-07-23, 26.7600
2020-07-24, 26.2500
2020-07-27, 25.7000
2020-07-28, 26.3300
2020-07-29, 25.8900
2020-07-30, 25.2000
2020-07-31, 24.8900
2020-08-03, 25.6400
2020-08-04, 25.8000
2020-08-05, 26.3300
2020-08-06, 26.6200
2020-08-07, 26.7200
2020-08-10, 27.9800
2020-08-11, 28.5200
2020-08-12, 28.0300
2020-08-13, 27.5500
2020-08-14, 27.8600
2020-08-17, 30.0100
2020-08-18, 29.8400
2020-08-19, 29.2200
2020-08-20, 28.8300
2020-08-21, 28.5600
2020-08-24, 30.3100
2020-08-25, 29.6900
2020-08-26, 29.4800
2020-08-27, 29.6900
2020-08-28, 30.0200
2020-08-31, 29.6300
2020-09-01, 29.7900
2020-09-02, 30.9600
2020-09-03, 29.4800
2020-09-04, 30.0000
2020-09-08, 32.3800
2020-09-09, 31.9500
2020-09-10, 30.1700
2020-09-11, 30.4600
2020-09-14, 31.1800
2020-09-15, 31.5800
2020-09-16, 31.7900
2020-09-17, 31.9200
2020-09-18, 31.5000
2020-09-21, 30.0000
2020-09-22, 29.4400
2020-09-23, 29.3400
2020-09-24, 29.1100
2020-09-25, 29.0000
2020-09-28, 29.4400
2020-09-29, 28.7400
2020-09-30, 29.5900
2020-10-01, 30.3800
2020-10-02, 30.4600
2020-10-05, 30.9600
2020-10-06, 30.4000
2020-10-07, 31.6200
2020-10-08, 32.2100
2020-10-09, 32.1600
2020-10-12, 32.2100
2020-10-13, 31.8700
2020-10-14, 31.6700
2020-10-15, 32.5900
2020-10-16, 33.4500
2020-10-19, 33.3500
2020-10-20, 35.6000
2020-10-21, 35.7700
2020-10-22, 37.4100
2020-10-23, 36.8300
2020-10-26, 35.8200
2020-10-27, 34.8900
2020-10-28, 34.0900
2020-10-29, 34.8900
2020-10-30, 34.5300
2020-11-02, 34.5500
2020-11-03, 35.3500
2020-11-04, 35.2400
2020-11-05, 37.1400
2020-11-06, 37.4700
2020-11-09, 38.9600
2020-11-10, 41.0800
2020-11-11, 40.5600
2020-11-12, 39.3200
2020-11-13, 41.1900
2020-11-16, 42.1300
2020-11-17, 41.9800
2020-11-18, 42.7200
2020-11-19, 42.8200
2020-11-20, 43.0400
2020-11-23, 44.7700
2020-11-24, 46.4600
2020-11-25, 45.4600
2020-11-27, 45.0600
2020-11-30, 43.8400
2020-12-01, 44.6800
2020-12-02, 44.5800
2020-12-03, 44.0900
2020-12-04, 44.4000
2020-12-07, 44.3100
2020-12-08, 43.8000
2020-12-09, 44.4300
2020-12-10, 42.8700
2020-12-11, 41.9200
2020-12-14, 41.6200
2020-12-15, 41.6600
2020-12-16, 41.4200
